[
  {
    "id": 1,
    "fullName": "Keerthana",
    "address": "Covaxin",
    
    "email": "keerthana@gmail.com"
  },
  {
    "id": 2,
    "fullName": "Anil",
    "address": "Sputnik V",
    
    "email": "anil@gmail.com"
  },
  {
    "id": 3,
    "fullName": "Rocky",
    "address": "Covaxin",
    
    "email": "roxky@gmail.com"
  },
  {
    "id": 4,
    "fullName": "Sandhya",
    "address": "Covaxin",
   
    "email": "sandhya@gmail.com"
  },
  {
    "id": 5,
    "fullName": "Shameen",
    "address": "Sputnik V",
   
    "email": "shameen@gmail.com"
  },
  {
    "id": 6,
    "fullName": "Priyanka",
    "address": "Sputnik V",
   
    "email": "priyanka@gmail.com"
  }
]
